"id","latitude","longitude","changeset_id","visible","timestamp","tile","version"
251,97828996,1238731463,0,TRUE,"2015-03-11 09:38:41",3805369961,1
106,97660628,1239121462,0,TRUE,"2015-03-11 09:38:41",3805370023,1
120,97645766,1239124882,0,TRUE,"2015-03-11 09:38:41",3805370023,1
285,97792567,1238724601,0,TRUE,"2015-03-11 09:38:41",3805369954,1
681,97979139,1239032786,0,TRUE,"2015-03-11 09:38:41",3805370079,1
866,98062723,1239032527,0,TRUE,"2015-03-11 09:38:41",3805370254,1
264,97816118,1238730153,0,TRUE,"2015-03-11 09:38:41",3805369961,1
887,98017507,1239031010,0,TRUE,"2015-03-11 09:38:41",3805370250,1
601,97942654,1238988982,0,TRUE,"2015-03-11 09:38:41",3805370073,1
664,97961358,1239030174,0,TRUE,"2015-03-11 09:38:41",3805370078,1
802,98035021,1239055889,0,TRUE,"2015-03-11 09:38:41",3805370251,1
647,97944508,1239026380,0,TRUE,"2015-03-11 09:38:41",3805370075,1
497,97963536,1238965277,0,TRUE,"2015-03-11 09:38:41",3805370076,1
452,98015378,1238958050,0,TRUE,"2015-03-11 09:38:41",3805370248,1
496,97964431,1238965038,0,TRUE,"2015-03-11 09:38:41",3805370076,1
455,98011678,1238959433,0,TRUE,"2015-03-11 09:38:41",3805370248,1
630,97926921,1239022994,0,TRUE,"2015-03-11 09:38:41",3805370075,1
209,97923196,1238663471,0,TRUE,"2015-03-11 09:38:41",3805369969,1
276,97803683,1238725847,0,TRUE,"2015-03-11 09:38:41",3805369954,1
665,97962419,1239030448,0,TRUE,"2015-03-11 09:38:41",3805370078,1
577,97967707,1238993032,0,TRUE,"2015-03-11 09:38:41",3805370076,1
606,97939200,1238984874,0,TRUE,"2015-03-11 09:38:41",3805370073,1
850,98052284,1239037068,0,TRUE,"2015-03-11 09:38:41",3805370251,1
801,98036018,1239055035,0,TRUE,"2015-03-11 09:38:41",3805370251,1
550,97983822,1239012656,0,TRUE,"2015-03-11 09:38:41",3805370079,1
599,97944750,1238989420,0,TRUE,"2015-03-11 09:38:41",3805370076,1
856,98058352,1239041115,0,TRUE,"2015-03-11 09:38:41",3805370254,1
756,98010313,1239079902,0,TRUE,"2015-03-11 09:38:41",3805370272,1
807,98031437,1239060127,0,TRUE,"2015-03-11 09:38:41",3805370273,1
151,97870997,1238679445,0,TRUE,"2015-03-11 09:38:41",3805369959,1
872,98000611,1239030928,0,TRUE,"2015-03-11 09:38:41",3805370250,1
384,97860810,1238923039,0,TRUE,"2015-03-11 09:38:41",3805370054,1
921,98222506,1239152407,0,TRUE,"2015-03-11 09:38:41",3805370338,1
253,97827105,1238732355,0,TRUE,"2015-03-11 09:38:41",3805369961,1
119,97646760,1239124704,0,TRUE,"2015-03-11 09:38:41",3805370023,1
399,97872244,1238943952,0,TRUE,"2015-03-11 09:38:41",3805370055,1
700,97984696,1239048654,0,TRUE,"2015-03-11 09:38:41",3805370079,1
852,98054354,1239037817,0,TRUE,"2015-03-11 09:38:41",3805370251,1
270,97810440,1238726573,0,TRUE,"2015-03-11 09:38:41",3805369955,1
437,98030636,1238947762,0,TRUE,"2015-03-11 09:38:41",3805370249,1
518,97944322,1238973264,0,TRUE,"2015-03-11 09:38:41",3805370073,1
620,97915723,1239021574,0,TRUE,"2015-03-11 09:38:41",3805370074,1
268,97812640,1238728073,0,TRUE,"2015-03-11 09:38:41",3805369961,1
549,97983598,1239013622,0,TRUE,"2015-03-11 09:38:41",3805370079,1
214,97925255,1238668824,0,TRUE,"2015-03-11 09:38:41",3805369969,1
310,97697865,1239033577,0,TRUE,"2015-03-11 09:38:41",3805370011,1
397,97871854,1238941355,0,TRUE,"2015-03-11 09:38:41",3805370055,1
101,97666408,1239119835,0,TRUE,"2015-03-11 09:38:41",3805370023,1
836,98038678,1239039135,0,TRUE,"2015-03-11 09:38:41",3805370251,1
20,97694455,1239305393,0,TRUE,"2015-03-11 09:38:41",3805371408,1
339,97680692,1239047642,0,TRUE,"2015-03-11 09:38:41",3805370010,1
486,97974997,1238962185,0,TRUE,"2015-03-11 09:38:41",3805370077,1
847,98049328,1239036462,0,TRUE,"2015-03-11 09:38:41",3805370251,1
82,97685004,1239114146,0,TRUE,"2015-03-11 09:38:41",3805370034,1
25,97693880,1239297110,0,TRUE,"2015-03-11 09:38:41",3805371408,1
359,97659794,1239054592,0,TRUE,"2015-03-11 09:38:41",3805369999,1
213,97925060,1238667772,0,TRUE,"2015-03-11 09:38:41",3805369969,1
137,97627555,1239132009,0,TRUE,"2015-03-11 09:38:41",3805370022,1
745,97981491,1239060139,0,TRUE,"2015-03-11 09:38:41",3805370101,1
957,97736597,1239003861,0,TRUE,"2015-03-11 09:38:41",3805370014,1
265,97815264,1238729784,0,TRUE,"2015-03-11 09:38:41",3805369961,1
996,97757800,1238971172,0,TRUE,"2015-03-11 09:38:41",3805370013,1
379,97866244,1238926822,0,TRUE,"2015-03-11 09:38:41",3805370055,1
405,97874587,1238949663,0,TRUE,"2015-03-11 09:38:41",3805370061,1
292,97785127,1238725226,0,TRUE,"2015-03-11 09:38:41",3805369954,1
168,97886048,1238673543,0,TRUE,"2015-03-11 09:38:41",3805369959,1
136,97628928,1239131336,0,TRUE,"2015-03-11 09:38:41",3805370022,1
196,97912484,1238663847,0,TRUE,"2015-03-11 09:38:41",3805369968,1
218,97925995,1238672438,0,TRUE,"2015-03-11 09:38:41",3805369969,1
910,98207327,1239152289,0,TRUE,"2015-03-11 09:38:41",3805370295,1
373,97869942,1238932529,0,TRUE,"2015-03-11 09:38:41",3805370055,1
238,97840771,1238735959,0,TRUE,"2015-03-11 09:38:41",3805369964,1
27,97879030,1239396170,0,TRUE,"2015-03-11 09:38:41",3805371469,1
969,97734199,1238990633,0,TRUE,"2015-03-11 09:38:41",3805370012,1
230,97863439,1238671094,0,TRUE,"2015-03-11 09:38:41",3805369957,1
883,98013461,1239029099,0,TRUE,"2015-03-11 09:38:41",3805370250,1
785,98032733,1239095142,0,TRUE,"2015-03-11 09:38:41",3805370273,1
449,98018306,1238955883,0,TRUE,"2015-03-11 09:38:41",3805370248,1
667,97964337,1239031054,0,TRUE,"2015-03-11 09:38:41",3805370078,1
765,98019118,1239081777,0,TRUE,"2015-03-11 09:38:41",3805370272,1
942,98045840,1238769500,0,TRUE,"2015-03-11 09:38:41",3805370153,1
899,98028846,1239038038,0,TRUE,"2015-03-11 09:38:41",3805370251,1
786,98033058,1239095598,0,TRUE,"2015-03-11 09:38:41",3805370273,1
149,97869229,1238678537,0,TRUE,"2015-03-11 09:38:41",3805369959,1
93,97675469,1239119323,0,TRUE,"2015-03-11 09:38:41",3805370034,1
733,97994441,1239064976,0,TRUE,"2015-03-11 09:38:41",3805370101,1
307,97695682,1239035942,0,TRUE,"2015-03-11 09:38:41",3805370010,1
382,97863393,1238924289,0,TRUE,"2015-03-11 09:38:41",3805370055,1
335,97679673,1239051833,0,TRUE,"2015-03-11 09:38:41",3805370010,1
825,98014690,1239071800,0,TRUE,"2015-03-11 09:38:41",3805370272,1
706,97988125,1239042357,0,TRUE,"2015-03-11 09:38:41",3805370079,1
1009,97773619,1238967415,0,TRUE,"2015-03-11 09:38:41",3805370013,1
541,97984389,1239021931,0,TRUE,"2015-03-11 09:38:41",3805370079,1
555,97983808,1239007573,0,TRUE,"2015-03-11 09:38:41",3805370079,1
838,98039541,1239037130,0,TRUE,"2015-03-11 09:38:41",3805370251,1
554,97984204,1239008463,0,TRUE,"2015-03-11 09:38:41",3805370079,1
805,98032394,1239058181,0,TRUE,"2015-03-11 09:38:41",3805370273,1
191,97908171,1238664218,0,TRUE,"2015-03-11 09:38:41",3805369968,1
774,98028500,1239084923,0,TRUE,"2015-03-11 09:38:41",3805370273,1
815,98025384,1239067077,0,TRUE,"2015-03-11 09:38:41",3805370272,1
833,98035207,1239040562,0,TRUE,"2015-03-11 09:38:41",3805370251,1
295,97781861,1238725697,0,TRUE,"2015-03-11 09:38:41",3805369954,1
714,97992839,1239034975,0,TRUE,"2015-03-11 09:38:41",3805370079,1
11,97692583,1239314452,0,TRUE,"2015-03-11 09:38:41",3805371408,1
135,97630193,1239130611,0,TRUE,"2015-03-11 09:38:41",3805370022,1
228,97862050,1238670120,0,TRUE,"2015-03-11 09:38:41",3805369956,1
252,97828110,1238731996,0,TRUE,"2015-03-11 09:38:41",3805369961,1
523,97938906,1238975663,0,TRUE,"2015-03-11 09:38:41",3805370073,1
39,97601703,1239004169,0,TRUE,"2015-03-11 09:38:41",3805369995,1
537,97987064,1239025539,0,TRUE,"2015-03-11 09:38:41",3805370079,1
839,98040482,1239036759,0,TRUE,"2015-03-11 09:38:41",3805370251,1
834,98036643,1239040492,0,TRUE,"2015-03-11 09:38:41",3805370251,1
882,98012362,1239028472,0,TRUE,"2015-03-11 09:38:41",3805370250,1
508,97952622,1238967392,0,TRUE,"2015-03-11 09:38:41",3805370076,1
526,97935876,1238977003,0,TRUE,"2015-03-11 09:38:41",3805370073,1
489,97971567,1238962355,0,TRUE,"2015-03-11 09:38:41",3805370076,1
559,97981450,1239004279,0,TRUE,"2015-03-11 09:38:41",3805370079,1
131,97634364,1239128583,0,TRUE,"2015-03-11 09:38:41",3805370022,1
662,97959163,1239029703,0,TRUE,"2015-03-11 09:38:41",3805370078,1
974,97736557,1238985516,0,TRUE,"2015-03-11 09:38:41",3805370012,1
178,97894884,1238668418,0,TRUE,"2015-03-11 09:38:41",3805369968,1
471,97991701,1238963831,0,TRUE,"2015-03-11 09:38:41",3805370077,1
255,97825088,1238732732,0,TRUE,"2015-03-11 09:38:41",3805369961,1
241,97838580,1238733986,0,TRUE,"2015-03-11 09:38:41",3805369964,1
357,97656995,1239054110,0,TRUE,"2015-03-11 09:38:41",3805369999,1
465,97998772,1238962598,0,TRUE,"2015-03-11 09:38:41",3805370077,1
812,98027915,1239064646,0,TRUE,"2015-03-11 09:38:41",3805370273,1
958,97735867,1239002856,0,TRUE,"2015-03-11 09:38:41",3805370014,1
17,97694054,1239308355,0,TRUE,"2015-03-11 09:38:41",3805371408,1
325,97689388,1239035550,0,TRUE,"2015-03-11 09:38:41",3805370010,1
142,97621760,1239134870,0,TRUE,"2015-03-11 09:38:41",3805370022,1
563,97978805,1239001396,0,TRUE,"2015-03-11 09:38:41",3805370077,1
827,98012849,1239072325,0,TRUE,"2015-03-11 09:38:41",3805370272,1
980,97741646,1238981230,0,TRUE,"2015-03-11 09:38:41",3805370012,1
479,97983339,1238961609,0,TRUE,"2015-03-11 09:38:41",3805370077,1
89,97678914,1239117612,0,TRUE,"2015-03-11 09:38:41",3805370034,1
160,97879570,1238679018,0,TRUE,"2015-03-11 09:38:41",3805369959,1
640,97937305,1239025540,0,TRUE,"2015-03-11 09:38:41",3805370075,1
861,98061148,1239037960,0,TRUE,"2015-03-11 09:38:41",3805370254,1
284,97793718,1238724769,0,TRUE,"2015-03-11 09:38:41",3805369954,1
504,97956187,1238965922,0,TRUE,"2015-03-11 09:38:41",3805370076,1
33,97905147,1239400955,0,TRUE,"2015-03-11 09:38:41",3805371480,1
512,97949442,1238969722,0,TRUE,"2015-03-11 09:38:41",3805370076,1
633,97930276,1239023762,0,TRUE,"2015-03-11 09:38:41",3805370075,1
1003,97766892,1238968840,0,TRUE,"2015-03-11 09:38:41",3805370013,1
816,98024361,1239067668,0,TRUE,"2015-03-11 09:38:41",3805370272,1
900,98029679,1239038621,0,TRUE,"2015-03-11 09:38:41",3805370251,1
779,98030991,1239089658,0,TRUE,"2015-03-11 09:38:41",3805370273,1
442,98026062,1238951099,0,TRUE,"2015-03-11 09:38:41",3805370248,1
57,97579389,1239013158,0,TRUE,"2015-03-11 09:38:41",3805369994,1
109,97657257,1239121929,0,TRUE,"2015-03-11 09:38:41",3805370023,1
239,97840070,1238735199,0,TRUE,"2015-03-11 09:38:41",3805369964,1
31,97903823,1239401309,0,TRUE,"2015-03-11 09:38:41",3805371480,1
288,97789467,1238724495,0,TRUE,"2015-03-11 09:38:41",3805369954,1
914,98212071,1239152423,0,TRUE,"2015-03-11 09:38:41",3805370295,1
524,97937970,1238976122,0,TRUE,"2015-03-11 09:38:41",3805370073,1
738,97988810,1239062087,0,TRUE,"2015-03-11 09:38:41",3805370101,1
644,97941347,1239026234,0,TRUE,"2015-03-11 09:38:41",3805370075,1
817,98023307,1239068179,0,TRUE,"2015-03-11 09:38:41",3805370272,1
949,97745131,1239008515,0,TRUE,"2015-03-11 09:38:41",3805370014,1
34,97906243,1239400685,0,TRUE,"2015-03-11 09:38:41",3805371480,1
505,97955362,1238966222,0,TRUE,"2015-03-11 09:38:41",3805370076,1
763,98017025,1239081591,0,TRUE,"2015-03-11 09:38:41",3805370272,1
12,97692950,1239313581,0,TRUE,"2015-03-11 09:38:41",3805371408,1
296,97780636,1238725494,0,TRUE,"2015-03-11 09:38:41",3805369954,1
686,97984395,1239031397,0,TRUE,"2015-03-11 09:38:41",3805370079,1
282,97796206,1238725962,0,TRUE,"2015-03-11 09:38:41",3805369954,1
10,97692027,1239315227,0,TRUE,"2015-03-11 09:38:41",3805371408,1
321,97685250,1239036025,0,TRUE,"2015-03-11 09:38:41",3805370010,1
428,98039009,1238944846,0,TRUE,"2015-03-11 09:38:41",3805370243,1
324,97688374,1239035700,0,TRUE,"2015-03-11 09:38:41",3805370010,1
684,97982222,1239032169,0,TRUE,"2015-03-11 09:38:41",3805370079,1
18,97694230,1239307339,0,TRUE,"2015-03-11 09:38:41",3805371408,1
139,97625243,1239133274,0,TRUE,"2015-03-11 09:38:41",3805370022,1
146,97866357,1238676980,0,TRUE,"2015-03-11 09:38:41",3805369959,1
614,97932806,1238978953,0,TRUE,"2015-03-11 09:38:41",3805370073,1
752,98008622,1239075788,0,TRUE,"2015-03-11 09:38:41",3805370272,1
848,98050402,1239036321,0,TRUE,"2015-03-11 09:38:41",3805370251,1
98,97669745,1239119552,0,TRUE,"2015-03-11 09:38:41",3805370023,1
424,97886468,1238968203,0,TRUE,"2015-03-11 09:38:41",3805370061,1
594,97950250,1238989975,0,TRUE,"2015-03-11 09:38:41",3805370076,1
193,97909977,1238665106,0,TRUE,"2015-03-11 09:38:41",3805369968,1
381,97864471,1238925117,0,TRUE,"2015-03-11 09:38:41",3805370055,1
927,98229589,1239152258,0,TRUE,"2015-03-11 09:38:41",3805370338,1
408,97876002,1238952699,0,TRUE,"2015-03-11 09:38:41",3805370061,1
655,97952436,1239026565,0,TRUE,"2015-03-11 09:38:41",3805370078,1
466,97997802,1238963016,0,TRUE,"2015-03-11 09:38:41",3805370077,1
853,98055673,1239038352,0,TRUE,"2015-03-11 09:38:41",3805370254,1
243,97836974,1238733017,0,TRUE,"2015-03-11 09:38:41",3805369964,1
617,97911900,1239021850,0,TRUE,"2015-03-11 09:38:41",3805370074,1
674,97971456,1239032851,0,TRUE,"2015-03-11 09:38:41",3805370078,1
167,97884825,1238673807,0,TRUE,"2015-03-11 09:38:41",3805369959,1
995,97757022,1238971857,0,TRUE,"2015-03-11 09:38:41",3805370013,1
250,97829798,1238730689,0,TRUE,"2015-03-11 09:38:41",3805369961,1
672,97969346,1239032345,0,TRUE,"2015-03-11 09:38:41",3805370078,1
918,98217732,1239152580,0,TRUE,"2015-03-11 09:38:41",3805370295,1
64,97570699,1239009918,0,TRUE,"2015-03-11 09:38:41",3805369994,1
478,97984329,1238961607,0,TRUE,"2015-03-11 09:38:41",3805370077,1
956,97737181,1239004712,0,TRUE,"2015-03-11 09:38:41",3805370014,1
145,97865430,1238676447,0,TRUE,"2015-03-11 09:38:41",3805369959,1
582,97962135,1238992384,0,TRUE,"2015-03-11 09:38:41",3805370076,1
777,98030636,1239087574,0,TRUE,"2015-03-11 09:38:41",3805370273,1
458,98007281,1238959978,0,TRUE,"2015-03-11 09:38:41",3805370248,1
198,97913382,1238661656,0,TRUE,"2015-03-11 09:38:41",3805369968,1
104,97662876,1239121067,0,TRUE,"2015-03-11 09:38:41",3805370023,1
629,97925873,1239022821,0,TRUE,"2015-03-11 09:38:41",3805370075,1
163,97881630,1238676646,0,TRUE,"2015-03-11 09:38:41",3805369959,1
413,97877211,1238958812,0,TRUE,"2015-03-11 09:38:41",3805370061,1
102,97665322,1239120151,0,TRUE,"2015-03-11 09:38:41",3805370023,1
898,98028012,1239037124,0,TRUE,"2015-03-11 09:38:41",3805370251,1
315,97701532,1239034672,0,TRUE,"2015-03-11 09:38:41",3805370011,1
71,97696079,1239109710,0,TRUE,"2015-03-11 09:38:41",3805370032,1
533,97986678,1239029582,0,TRUE,"2015-03-11 09:38:41",3805370079,1
588,97955476,1238993359,0,TRUE,"2015-03-11 09:38:41",3805370076,1
2,97688840,1239324100,0,TRUE,"2015-03-11 09:38:41",3805371408,1
796,98035772,1239049249,0,TRUE,"2015-03-11 09:38:41",3805370251,1
72,97695017,1239110102,0,TRUE,"2015-03-11 09:38:41",3805370032,1
343,97681855,1239042901,0,TRUE,"2015-03-11 09:38:41",3805370010,1
624,97920524,1239021744,0,TRUE,"2015-03-11 09:38:41",3805370075,1
186,97903424,1238665120,0,TRUE,"2015-03-11 09:38:41",3805369968,1
177,97894452,1238669328,0,TRUE,"2015-03-11 09:38:41",3805369968,1
626,97923017,1239022156,0,TRUE,"2015-03-11 09:38:41",3805370075,1
823,98016533,1239071379,0,TRUE,"2015-03-11 09:38:41",3805370272,1
843,98044341,1239038052,0,TRUE,"2015-03-11 09:38:41",3805370251,1
346,97682355,1239039483,0,TRUE,"2015-03-11 09:38:41",3805370010,1
705,97987638,1239043534,0,TRUE,"2015-03-11 09:38:41",3805370079,1
480,97982354,1238961694,0,TRUE,"2015-03-11 09:38:41",3805370077,1
841,98042425,1239037731,0,TRUE,"2015-03-11 09:38:41",3805370251,1
337,97680171,1239049888,0,TRUE,"2015-03-11 09:38:41",3805370010,1
280,97798700,1238726121,0,TRUE,"2015-03-11 09:38:41",3805369954,1
727,98001294,1239068495,0,TRUE,"2015-03-11 09:38:41",3805370272,1
886,98016583,1239031009,0,TRUE,"2015-03-11 09:38:41",3805370250,1
781,98030302,1239091609,0,TRUE,"2015-03-11 09:38:41",3805370273,1
696,97981660,1239052443,0,TRUE,"2015-03-11 09:38:41",3805370079,1
297,97779980,1238725120,0,TRUE,"2015-03-11 09:38:41",3805369954,1
419,97884729,1238973049,0,TRUE,"2015-03-11 09:38:41",3805370061,1
459,98005876,1238960187,0,TRUE,"2015-03-11 09:38:41",3805370248,1
314,97700839,1239033820,0,TRUE,"2015-03-11 09:38:41",3805370011,1
938,98280453,1239017828,0,TRUE,"2015-03-11 09:38:41",3805370318,1
627,97924034,1239022336,0,TRUE,"2015-03-11 09:38:41",3805370075,1
391,97871197,1238934350,0,TRUE,"2015-03-11 09:38:41",3805370055,1
444,98023294,1238952344,0,TRUE,"2015-03-11 09:38:41",3805370248,1
274,97806106,1238725661,0,TRUE,"2015-03-11 09:38:41",3805369954,1
400,97872414,1238944919,0,TRUE,"2015-03-11 09:38:41",3805370055,1
689,97977984,1239056128,0,TRUE,"2015-03-11 09:38:41",3805370079,1
893,98023775,1239032585,0,TRUE,"2015-03-11 09:38:41",3805370250,1
473,97989444,1238962951,0,TRUE,"2015-03-11 09:38:41",3805370077,1
636,97933225,1239024739,0,TRUE,"2015-03-11 09:38:41",3805370075,1
1000,97762651,1238969122,0,TRUE,"2015-03-11 09:38:41",3805370013,1
320,97684179,1239035705,0,TRUE,"2015-03-11 09:38:41",3805370010,1
426,98039750,1238944720,0,TRUE,"2015-03-11 09:38:41",3805370243,1
595,97949370,1238989129,0,TRUE,"2015-03-11 09:38:41",3805370076,1
819,98021104,1239069326,0,TRUE,"2015-03-11 09:38:41",3805370272,1
47,97591245,1239013450,0,TRUE,"2015-03-11 09:38:41",3805369995,1
412,97876530,1238957773,0,TRUE,"2015-03-11 09:38:41",3805370061,1
651,97948653,1239025839,0,TRUE,"2015-03-11 09:38:41",3805370078,1
741,97986435,1239059920,0,TRUE,"2015-03-11 09:38:41",3805370101,1
813,98027235,1239065410,0,TRUE,"2015-03-11 09:38:41",3805370273,1
211,97924141,1238665527,0,TRUE,"2015-03-11 09:38:41",3805369969,1
46,97592428,1239012973,0,TRUE,"2015-03-11 09:38:41",3805369995,1
83,97684083,1239114430,0,TRUE,"2015-03-11 09:38:41",3805370034,1
970,97734349,1238989417,0,TRUE,"2015-03-11 09:38:41",3805370012,1
919,98219265,1239152546,0,TRUE,"2015-03-11 09:38:41",3805370295,1
15,97693779,1239310792,0,TRUE,"2015-03-11 09:38:41",3805371408,1
304,97692313,1239035847,0,TRUE,"2015-03-11 09:38:41",3805370010,1
851,98053206,1239037612,0,TRUE,"2015-03-11 09:38:41",3805370251,1
361,97661660,1239054860,0,TRUE,"2015-03-11 09:38:41",3805369999,1
77,97690259,1239112278,0,TRUE,"2015-03-11 09:38:41",3805370034,1
125,97640935,1239126405,0,TRUE,"2015-03-11 09:38:41",3805370022,1
140,97624253,1239133802,0,TRUE,"2015-03-11 09:38:41",3805370022,1
474,97988359,1238962526,0,TRUE,"2015-03-11 09:38:41",3805370077,1
687,97985403,1239031019,0,TRUE,"2015-03-11 09:38:41",3805370079,1
153,97872784,1238680530,0,TRUE,"2015-03-11 09:38:41",3805369959,1
73,97694066,1239110503,0,TRUE,"2015-03-11 09:38:41",3805370032,1
631,97927987,1239023237,0,TRUE,"2015-03-11 09:38:41",3805370075,1
806,98031935,1239058991,0,TRUE,"2015-03-11 09:38:41",3805370273,1
40,97601050,1239004992,0,TRUE,"2015-03-11 09:38:41",3805369995,1
56,97580387,1239013518,0,TRUE,"2015-03-11 09:38:41",3805369994,1
182,97899100,1238666961,0,TRUE,"2015-03-11 09:38:41",3805369968,1
355,97654199,1239054368,0,TRUE,"2015-03-11 09:38:41",3805369999,1
590,97953610,1238993463,0,TRUE,"2015-03-11 09:38:41",3805370076,1
579,97965669,1238992117,0,TRUE,"2015-03-11 09:38:41",3805370076,1
277,97802501,1238725755,0,TRUE,"2015-03-11 09:38:41",3805369954,1
729,97999374,1239067406,0,TRUE,"2015-03-11 09:38:41",3805370101,1
123,97642878,1239125683,0,TRUE,"2015-03-11 09:38:41",3805370023,1
261,97818728,1238731965,0,TRUE,"2015-03-11 09:38:41",3805369961,1
885,98015582,1239030711,0,TRUE,"2015-03-11 09:38:41",3805370250,1
348,97682833,1239036820,0,TRUE,"2015-03-11 09:38:41",3805370010,1
984,97744276,1238976407,0,TRUE,"2015-03-11 09:38:41",3805370012,1
868,98064801,1239030422,0,TRUE,"2015-03-11 09:38:41",3805370254,1
332,97678842,1239055273,0,TRUE,"2015-03-11 09:38:41",3805370010,1
891,98022044,1239030815,0,TRUE,"2015-03-11 09:38:41",3805370250,1
965,97734691,1238995256,0,TRUE,"2015-03-11 09:38:41",3805370012,1
468,97995826,1238963820,0,TRUE,"2015-03-11 09:38:41",3805370077,1
880,98010151,1239027920,0,TRUE,"2015-03-11 09:38:41",3805370250,1
333,97679063,1239054294,0,TRUE,"2015-03-11 09:38:41",3805370010,1
575,97969382,1238994461,0,TRUE,"2015-03-11 09:38:41",3805370076,1
730,97998170,1239066757,0,TRUE,"2015-03-11 09:38:41",3805370101,1
800,98036747,1239054017,0,TRUE,"2015-03-11 09:38:41",3805370251,1
484,97978001,1238962374,0,TRUE,"2015-03-11 09:38:41",3805370077,1
189,97905900,1238663489,0,TRUE,"2015-03-11 09:38:41",3805369968,1
915,98213352,1239152509,0,TRUE,"2015-03-11 09:38:41",3805370295,1
569,97972656,1238999370,0,TRUE,"2015-03-11 09:38:41",3805370077,1
712,97992141,1239037336,0,TRUE,"2015-03-11 09:38:41",3805370079,1
404,97873927,1238948532,0,TRUE,"2015-03-11 09:38:41",3805370061,1
507,97953554,1238966933,0,TRUE,"2015-03-11 09:38:41",3805370076,1
596,97948250,1238988790,0,TRUE,"2015-03-11 09:38:41",3805370076,1
233,97864309,1238674490,0,TRUE,"2015-03-11 09:38:41",3805369959,1
547,97982786,1239015701,0,TRUE,"2015-03-11 09:38:41",3805370079,1
923,98225971,1239152285,0,TRUE,"2015-03-11 09:38:41",3805370338,1
485,97976524,1238962410,0,TRUE,"2015-03-11 09:38:41",3805370077,1
952,97740793,1239007898,0,TRUE,"2015-03-11 09:38:41",3805370014,1
997,97759069,1238970546,0,TRUE,"2015-03-11 09:38:41",3805370013,1
578,97966724,1238992473,0,TRUE,"2015-03-11 09:38:41",3805370076,1
977,97738405,1238983047,0,TRUE,"2015-03-11 09:38:41",3805370012,1
556,97983007,1239006685,0,TRUE,"2015-03-11 09:38:41",3805370079,1
376,97868663,1238929624,0,TRUE,"2015-03-11 09:38:41",3805370055,1
226,97925704,1238680146,0,TRUE,"2015-03-11 09:38:41",3805369971,1
500,97960273,1238965428,0,TRUE,"2015-03-11 09:38:41",3805370076,1
13,97693293,1239312732,0,TRUE,"2015-03-11 09:38:41",3805371408,1
723,98004857,1239071254,0,TRUE,"2015-03-11 09:38:41",3805370272,1
879,98008815,1239028098,0,TRUE,"2015-03-11 09:38:41",3805370250,1
515,97947020,1238971692,0,TRUE,"2015-03-11 09:38:41",3805370076,1
566,97974933,1239001832,0,TRUE,"2015-03-11 09:38:41",3805370077,1
91,97677414,1239118739,0,TRUE,"2015-03-11 09:38:41",3805370034,1
642,97939476,1239025939,0,TRUE,"2015-03-11 09:38:41",3805370075,1
695,97981187,1239053263,0,TRUE,"2015-03-11 09:38:41",3805370079,1
737,97989861,1239062669,0,TRUE,"2015-03-11 09:38:41",3805370101,1
770,98024279,1239083304,0,TRUE,"2015-03-11 09:38:41",3805370272,1
433,98034276,1238946221,0,TRUE,"2015-03-11 09:38:41",3805370243,1
303,97691440,1239035531,0,TRUE,"2015-03-11 09:38:41",3805370010,1
540,97985285,1239022889,0,TRUE,"2015-03-11 09:38:41",3805370079,1
293,97784096,1238725353,0,TRUE,"2015-03-11 09:38:41",3805369954,1
543,97982738,1239020400,0,TRUE,"2015-03-11 09:38:41",3805370079,1
365,97857521,1238920764,0,TRUE,"2015-03-11 09:38:41",3805370054,1
610,97936476,1238981541,0,TRUE,"2015-03-11 09:38:41",3805370073,1
782,98030552,1239092713,0,TRUE,"2015-03-11 09:38:41",3805370273,1
532,97986354,1239030447,0,TRUE,"2015-03-11 09:38:41",3805370079,1
165,97883002,1238675124,0,TRUE,"2015-03-11 09:38:41",3805369959,1
287,97790560,1238724449,0,TRUE,"2015-03-11 09:38:41",3805369954,1
748,97979260,1239058010,0,TRUE,"2015-03-11 09:38:41",3805370101,1
837,98039036,1239038148,0,TRUE,"2015-03-11 09:38:41",3805370251,1
21,97694455,1239304102,0,TRUE,"2015-03-11 09:38:41",3805371408,1
976,97737482,1238983718,0,TRUE,"2015-03-11 09:38:41",3805370012,1
897,98027127,1239036207,0,TRUE,"2015-03-11 09:38:41",3805370251,1
152,97871838,1238680014,0,TRUE,"2015-03-11 09:38:41",3805369959,1
475,97987331,1238962174,0,TRUE,"2015-03-11 09:38:41",3805370077,1
536,97987110,1239026475,0,TRUE,"2015-03-11 09:38:41",3805370079,1
719,98008631,1239073732,0,TRUE,"2015-03-11 09:38:41",3805370272,1
401,97872686,1238945867,0,TRUE,"2015-03-11 09:38:41",3805370055,1
570,97972172,1238998433,0,TRUE,"2015-03-11 09:38:41",3805370077,1
5,97688999,1239319711,0,TRUE,"2015-03-11 09:38:41",3805371408,1
281,97797378,1238726418,0,TRUE,"2015-03-11 09:38:41",3805369954,1
462,98002343,1238961170,0,TRUE,"2015-03-11 09:38:41",3805370248,1
461,98003412,1238960874,0,TRUE,"2015-03-11 09:38:41",3805370248,1
181,97897921,1238667298,0,TRUE,"2015-03-11 09:38:41",3805369968,1
499,97961397,1238965444,0,TRUE,"2015-03-11 09:38:41",3805370076,1
789,98033843,1239041822,0,TRUE,"2015-03-11 09:38:41",3805370251,1
340,97681183,1239046547,0,TRUE,"2015-03-11 09:38:41",3805370010,1
593,97950992,1238991062,0,TRUE,"2015-03-11 09:38:41",3805370076,1
1007,97771588,1238968226,0,TRUE,"2015-03-11 09:38:41",3805370013,1
498,97962539,1238965434,0,TRUE,"2015-03-11 09:38:41",3805370076,1
367,97855120,1238920376,0,TRUE,"2015-03-11 09:38:41",3805370054,1
661,97958108,1239029308,0,TRUE,"2015-03-11 09:38:41",3805370078,1
822,98017532,1239071037,0,TRUE,"2015-03-11 09:38:41",3805370272,1
392,97871431,1238935244,0,TRUE,"2015-03-11 09:38:41",3805370055,1
983,97743682,1238977493,0,TRUE,"2015-03-11 09:38:41",3805370012,1
896,98026251,1239035291,0,TRUE,"2015-03-11 09:38:41",3805370250,1
979,97740339,1238981770,0,TRUE,"2015-03-11 09:38:41",3805370012,1
994,97756199,1238972632,0,TRUE,"2015-03-11 09:38:41",3805370013,1
609,97937360,1238982096,0,TRUE,"2015-03-11 09:38:41",3805370073,1
429,98037969,1238945124,0,TRUE,"2015-03-11 09:38:41",3805370243,1
519,97943194,1238973856,0,TRUE,"2015-03-11 09:38:41",3805370073,1
432,98035108,1238945845,0,TRUE,"2015-03-11 09:38:41",3805370243,1
846,98048334,1239037011,0,TRUE,"2015-03-11 09:38:41",3805370251,1
673,97970416,1239032621,0,TRUE,"2015-03-11 09:38:41",3805370078,1
690,97978868,1239055731,0,TRUE,"2015-03-11 09:38:41",3805370079,1
931,98235078,1239153423,0,TRUE,"2015-03-11 09:38:41",3805370338,1
112,97654297,1239122790,0,TRUE,"2015-03-11 09:38:41",3805370023,1
254,97826118,1238732580,0,TRUE,"2015-03-11 09:38:41",3805369961,1
625,97921824,1239021924,0,TRUE,"2015-03-11 09:38:41",3805370075,1
656,97953315,1239027013,0,TRUE,"2015-03-11 09:38:41",3805370078,1
96,97672098,1239119583,0,TRUE,"2015-03-11 09:38:41",3805370034,1
694,97980921,1239053631,0,TRUE,"2015-03-11 09:38:41",3805370079,1
581,97963299,1238992010,0,TRUE,"2015-03-11 09:38:41",3805370076,1
863,98061851,1239035863,0,TRUE,"2015-03-11 09:38:41",3805370254,1
818,98022079,1239068846,0,TRUE,"2015-03-11 09:38:41",3805370272,1
396,97871720,1238940025,0,TRUE,"2015-03-11 09:38:41",3805370055,1
107,97659483,1239121621,0,TRUE,"2015-03-11 09:38:41",3805370023,1
679,97976734,1239033150,0,TRUE,"2015-03-11 09:38:41",3805370079,1
820,98020085,1239069949,0,TRUE,"2015-03-11 09:38:41",3805370272,1
954,97738869,1239006417,0,TRUE,"2015-03-11 09:38:41",3805370014,1
493,97967306,1238963890,0,TRUE,"2015-03-11 09:38:41",3805370076,1
935,98279340,1239018880,0,TRUE,"2015-03-11 09:38:41",3805370318,1
600,97943638,1238989189,0,TRUE,"2015-03-11 09:38:41",3805370073,1
319,97683092,1239035753,0,TRUE,"2015-03-11 09:38:41",3805370010,1
937,98279849,1239018534,0,TRUE,"2015-03-11 09:38:41",3805370318,1
530,97931380,1238978270,0,TRUE,"2015-03-11 09:38:41",3805370073,1
221,97926476,1238675635,0,TRUE,"2015-03-11 09:38:41",3805369971,1
775,98029316,1239085724,0,TRUE,"2015-03-11 09:38:41",3805370273,1
435,98032449,1238946732,0,TRUE,"2015-03-11 09:38:41",3805370243,1
889,98019565,1239030152,0,TRUE,"2015-03-11 09:38:41",3805370250,1
653,97950624,1239025873,0,TRUE,"2015-03-11 09:38:41",3805370078,1
654,97951560,1239026135,0,TRUE,"2015-03-11 09:38:41",3805370078,1
576,97968610,1238993706,0,TRUE,"2015-03-11 09:38:41",3805370076,1
1001,97764070,1238968897,0,TRUE,"2015-03-11 09:38:41",3805370013,1
759,98013047,1239080902,0,TRUE,"2015-03-11 09:38:41",3805370272,1
258,97821758,1238732898,0,TRUE,"2015-03-11 09:38:41",3805369961,1
19,97694371,1239306343,0,TRUE,"2015-03-11 09:38:41",3805371408,1
108,97658436,1239121797,0,TRUE,"2015-03-11 09:38:41",3805370023,1
398,97872059,1238942579,0,TRUE,"2015-03-11 09:38:41",3805370055,1
589,97954561,1238993320,0,TRUE,"2015-03-11 09:38:41",3805370076,1
913,98210841,1239152323,0,TRUE,"2015-03-11 09:38:41",3805370295,1
643,97940394,1239026101,0,TRUE,"2015-03-11 09:38:41",3805370075,1
966,97734941,1238994257,0,TRUE,"2015-03-11 09:38:41",3805370012,1
215,97925786,1238669929,0,TRUE,"2015-03-11 09:38:41",3805369969,1
65,97569430,1239009820,0,TRUE,"2015-03-11 09:38:41",3805369994,1
52,97585024,1239014059,0,TRUE,"2015-03-11 09:38:41",3805369994,1
317,97705230,1239037540,0,TRUE,"2015-03-11 09:38:41",3805370011,1
366,97856302,1238920671,0,TRUE,"2015-03-11 09:38:41",3805370054,1
635,97932160,1239024443,0,TRUE,"2015-03-11 09:38:41",3805370075,1
440,98028289,1238949529,0,TRUE,"2015-03-11 09:38:41",3805370249,1
37,97909710,1239400590,0,TRUE,"2015-03-11 09:38:41",3805371480,1
85,97682108,1239115310,0,TRUE,"2015-03-11 09:38:41",3805370034,1
32,97904189,1239401232,0,TRUE,"2015-03-11 09:38:41",3805371480,1
421,97885733,1238971206,0,TRUE,"2015-03-11 09:38:41",3805370061,1
546,97982577,1239016905,0,TRUE,"2015-03-11 09:38:41",3805370079,1
358,97658448,1239054330,0,TRUE,"2015-03-11 09:38:41",3805369999,1
164,97882454,1238675906,0,TRUE,"2015-03-11 09:38:41",3805369959,1
701,97985494,1239048034,0,TRUE,"2015-03-11 09:38:41",3805370079,1
736,97991057,1239063277,0,TRUE,"2015-03-11 09:38:41",3805370101,1
704,97987287,1239044682,0,TRUE,"2015-03-11 09:38:41",3805370079,1
78,97689359,1239112630,0,TRUE,"2015-03-11 09:38:41",3805370034,1
1006,97770596,1238968426,0,TRUE,"2015-03-11 09:38:41",3805370013,1
278,97801402,1238725601,0,TRUE,"2015-03-11 09:38:41",3805369954,1
603,97940934,1238987373,0,TRUE,"2015-03-11 09:38:41",3805370073,1
875,98003928,1239029517,0,TRUE,"2015-03-11 09:38:41",3805370250,1
133,97632256,1239129533,0,TRUE,"2015-03-11 09:38:41",3805370022,1
289,97788378,1238724720,0,TRUE,"2015-03-11 09:38:41",3805369954,1
637,97934259,1239024967,0,TRUE,"2015-03-11 09:38:41",3805370075,1
279,97800155,1238725795,0,TRUE,"2015-03-11 09:38:41",3805369954,1
100,97667528,1239119644,0,TRUE,"2015-03-11 09:38:41",3805370023,1
443,98024824,1238951759,0,TRUE,"2015-03-11 09:38:41",3805370248,1
416,97883851,1238976012,0,TRUE,"2015-03-11 09:38:41",3805370061,1
492,97968243,1238963511,0,TRUE,"2015-03-11 09:38:41",3805370076,1
638,97935268,1239025163,0,TRUE,"2015-03-11 09:38:41",3805370075,1
755,98009629,1239079170,0,TRUE,"2015-03-11 09:38:41",3805370272,1
758,98012036,1239080591,0,TRUE,"2015-03-11 09:38:41",3805370272,1
804,98033026,1239057484,0,TRUE,"2015-03-11 09:38:41",3805370273,1
892,98023089,1239031662,0,TRUE,"2015-03-11 09:38:41",3805370250,1
232,97864150,1238673211,0,TRUE,"2015-03-11 09:38:41",3805369959,1
692,97980490,1239054226,0,TRUE,"2015-03-11 09:38:41",3805370079,1
427,98039749,1238944720,0,TRUE,"2015-03-11 09:38:41",3805370243,1
158,97877818,1238680416,0,TRUE,"2015-03-11 09:38:41",3805369959,1
739,97987944,1239061235,0,TRUE,"2015-03-11 09:38:41",3805370101,1
803,98033933,1239056715,0,TRUE,"2015-03-11 09:38:41",3805370251,1
113,97653375,1239123001,0,TRUE,"2015-03-11 09:38:41",3805370023,1
172,97890806,1238672567,0,TRUE,"2015-03-11 09:38:41",3805369970,1
377,97868079,1238928582,0,TRUE,"2015-03-11 09:38:41",3805370055,1
24,97694304,1239300207,0,TRUE,"2015-03-11 09:38:41",3805371408,1
184,97901490,1238666300,0,TRUE,"2015-03-11 09:38:41",3805369968,1
170,97888549,1238673141,0,TRUE,"2015-03-11 09:38:41",3805369959,1
403,97873470,1238947721,0,TRUE,"2015-03-11 09:38:41",3805370061,1
494,97966338,1238964303,0,TRUE,"2015-03-11 09:38:41",3805370076,1
55,97581638,1239013597,0,TRUE,"2015-03-11 09:38:41",3805369994,1
68,97699307,1239108540,0,TRUE,"2015-03-11 09:38:41",3805370033,1
374,97869542,1238931521,0,TRUE,"2015-03-11 09:38:41",3805370055,1
652,97949658,1239025770,0,TRUE,"2015-03-11 09:38:41",3805370078,1
535,97987002,1239027653,0,TRUE,"2015-03-11 09:38:41",3805370079,1
244,97836024,1238732323,0,TRUE,"2015-03-11 09:38:41",3805369964,1
565,97976105,1239002070,0,TRUE,"2015-03-11 09:38:41",3805370079,1
128,97637375,1239127640,0,TRUE,"2015-03-11 09:38:41",3805370022,1
456,98010408,1238959574,0,TRUE,"2015-03-11 09:38:41",3805370248,1
728,98000428,1239067941,0,TRUE,"2015-03-11 09:38:41",3805370272,1
300,97847770,1238740560,0,TRUE,"2015-03-11 09:38:41",3805369964,1
928,98231296,1239152427,0,TRUE,"2015-03-11 09:38:41",3805370338,1
353,97651580,1239055152,0,TRUE,"2015-03-11 09:38:41",3805369999,1
722,98005684,1239071978,0,TRUE,"2015-03-11 09:38:41",3805370272,1
256,97823970,1238732989,0,TRUE,"2015-03-11 09:38:41",3805369961,1
216,97926078,1238670783,0,TRUE,"2015-03-11 09:38:41",3805369969,1
202,97917734,1238659676,0,TRUE,"2015-03-11 09:38:41",3805369969,1
646,97943493,1239026336,0,TRUE,"2015-03-11 09:38:41",3805370075,1
865,98062494,1239033651,0,TRUE,"2015-03-11 09:38:41",3805370254,1
987,97748763,1238975559,0,TRUE,"2015-03-11 09:38:41",3805370012,1
266,97814476,1238729339,0,TRUE,"2015-03-11 09:38:41",3805369961,1
725,98003014,1239069711,0,TRUE,"2015-03-11 09:38:41",3805370272,1
129,97636087,1239127941,0,TRUE,"2015-03-11 09:38:41",3805370022,1
195,97911798,1238664719,0,TRUE,"2015-03-11 09:38:41",3805369968,1
744,97982867,1239060212,0,TRUE,"2015-03-11 09:38:41",3805370101,1
809,98029893,1239062063,0,TRUE,"2015-03-11 09:38:41",3805370273,1
8,97690667,1239316760,0,TRUE,"2015-03-11 09:38:41",3805371408,1
985,97745963,1238975930,0,TRUE,"2015-03-11 09:38:41",3805370012,1
483,97979147,1238962236,0,TRUE,"2015-03-11 09:38:41",3805370077,1
707,97988836,1239041383,0,TRUE,"2015-03-11 09:38:41",3805370079,1
971,97734689,1238988276,0,TRUE,"2015-03-11 09:38:41",3805370012,1
305,97693503,1239036343,0,TRUE,"2015-03-11 09:38:41",3805370010,1
80,97687527,1239113244,0,TRUE,"2015-03-11 09:38:41",3805370034,1
881,98011137,1239027993,0,TRUE,"2015-03-11 09:38:41",3805370250,1
551,97983997,1239011597,0,TRUE,"2015-03-11 09:38:41",3805370079,1
930,98234089,1239153118,0,TRUE,"2015-03-11 09:38:41",3805370338,1
312,97699457,1239031916,0,TRUE,"2015-03-11 09:38:41",3805370011,1
683,97980870,1239032520,0,TRUE,"2015-03-11 09:38:41",3805370079,1
179,97895794,1238667782,0,TRUE,"2015-03-11 09:38:41",3805369968,1
855,98057590,1239040121,0,TRUE,"2015-03-11 09:38:41",3805370254,1
877,98006209,1239028564,0,TRUE,"2015-03-11 09:38:41",3805370250,1
470,97992740,1238964107,0,TRUE,"2015-03-11 09:38:41",3805370077,1
542,97983662,1239021194,0,TRUE,"2015-03-11 09:38:41",3805370079,1
571,97971650,1238997515,0,TRUE,"2015-03-11 09:38:41",3805370076,1
685,97983246,1239031820,0,TRUE,"2015-03-11 09:38:41",3805370079,1
876,98005065,1239028998,0,TRUE,"2015-03-11 09:38:41",3805370250,1
959,97735131,1239001744,0,TRUE,"2015-03-11 09:38:41",3805370012,1
110,97656364,1239122012,0,TRUE,"2015-03-11 09:38:41",3805370023,1
693,97980908,1239053649,0,TRUE,"2015-03-11 09:38:41",3805370079,1
175,97893866,1238671550,0,TRUE,"2015-03-11 09:38:41",3805369968,1
370,97851210,1238918880,0,TRUE,"2015-03-11 09:38:41",3805370054,1
622,97917966,1239021704,0,TRUE,"2015-03-11 09:38:41",3805370075,1
99,97668804,1239119563,0,TRUE,"2015-03-11 09:38:41",3805370023,1
48,97589976,1239013353,0,TRUE,"2015-03-11 09:38:41",3805369995,1
1005,97769302,1238968673,0,TRUE,"2015-03-11 09:38:41",3805370013,1
28,97880830,1239396790,0,TRUE,"2015-03-11 09:38:41",3805371469,1
732,97995722,1239065588,0,TRUE,"2015-03-11 09:38:41",3805370101,1
821,98018770,1239070515,0,TRUE,"2015-03-11 09:38:41",3805370272,1
967,97735042,1238992983,0,TRUE,"2015-03-11 09:38:41",3805370012,1
94,97674261,1239119401,0,TRUE,"2015-03-11 09:38:41",3805370034,1
262,97817908,1238731365,0,TRUE,"2015-03-11 09:38:41",3805369961,1
313,97700430,1239032581,0,TRUE,"2015-03-11 09:38:41",3805370011,1
699,97983770,1239049464,0,TRUE,"2015-03-11 09:38:41",3805370079,1
204,97920399,1238659986,0,TRUE,"2015-03-11 09:38:41",3805369969,1
1002,97765574,1238968913,0,TRUE,"2015-03-11 09:38:41",3805370013,1
162,97880973,1238677374,0,TRUE,"2015-03-11 09:38:41",3805369959,1
30,97903820,1239401310,0,TRUE,"2015-03-11 09:38:41",3805371480,1
356,97655618,1239054072,0,TRUE,"2015-03-11 09:38:41",3805369999,1
299,97848000,1238740870,0,TRUE,"2015-03-11 09:38:41",3805369964,1
95,97673221,1239119459,0,TRUE,"2015-03-11 09:38:41",3805370034,1
585,97958779,1238993788,0,TRUE,"2015-03-11 09:38:41",3805370076,1
122,97643805,1239125344,0,TRUE,"2015-03-11 09:38:41",3805370023,1
62,97574085,1239011275,0,TRUE,"2015-03-11 09:38:41",3805369994,1
514,97947937,1238970880,0,TRUE,"2015-03-11 09:38:41",3805370076,1
871,97999400,1239031380,0,TRUE,"2015-03-11 09:38:41",3805370079,1
329,97681210,1239034020,0,TRUE,"2015-03-11 09:38:41",3805370010,1
623,97919195,1239021703,0,TRUE,"2015-03-11 09:38:41",3805370075,1
762,98016073,1239081515,0,TRUE,"2015-03-11 09:38:41",3805370272,1
751,98008476,1239074618,0,TRUE,"2015-03-11 09:38:41",3805370272,1
828,98011928,1239072670,0,TRUE,"2015-03-11 09:38:41",3805370272,1
454,98012990,1238959229,0,TRUE,"2015-03-11 09:38:41",3805370248,1
180,97896804,1238667450,0,TRUE,"2015-03-11 09:38:41",3805369968,1
127,97638642,1239127332,0,TRUE,"2015-03-11 09:38:41",3805370022,1
939,98281110,1239016863,0,TRUE,"2015-03-11 09:38:41",3805370318,1
628,97924941,1239022610,0,TRUE,"2015-03-11 09:38:41",3805370075,1
439,98029116,1238949042,0,TRUE,"2015-03-11 09:38:41",3805370249,1
669,97966179,1239031557,0,TRUE,"2015-03-11 09:38:41",3805370078,1
988,97749745,1238974679,0,TRUE,"2015-03-11 09:38:41",3805370012,1
675,97972471,1239033038,0,TRUE,"2015-03-11 09:38:41",3805370079,1
670,97967441,1239031898,0,TRUE,"2015-03-11 09:38:41",3805370078,1
560,97981064,1239003441,0,TRUE,"2015-03-11 09:38:41",3805370079,1
117,97649054,1239124192,0,TRUE,"2015-03-11 09:38:41",3805370023,1
991,97753061,1238973204,0,TRUE,"2015-03-11 09:38:41",3805370013,1
438,98029870,1238948389,0,TRUE,"2015-03-11 09:38:41",3805370249,1
709,97990167,1239039844,0,TRUE,"2015-03-11 09:38:41",3805370079,1
185,97902392,1238665755,0,TRUE,"2015-03-11 09:38:41",3805369968,1
545,97982382,1239018195,0,TRUE,"2015-03-11 09:38:41",3805370079,1
708,97989465,1239040566,0,TRUE,"2015-03-11 09:38:41",3805370079,1
940,98282130,1239015180,0,TRUE,"2015-03-11 09:38:41",3805370318,1
487,97973623,1238962083,0,TRUE,"2015-03-11 09:38:41",3805370077,1
697,97982176,1239051475,0,TRUE,"2015-03-11 09:38:41",3805370079,1
553,97984157,1239009447,0,TRUE,"2015-03-11 09:38:41",3805370079,1
309,97697366,1239034602,0,TRUE,"2015-03-11 09:38:41",3805370010,1
795,98035470,1239048074,0,TRUE,"2015-03-11 09:38:41",3805370251,1
363,97859644,1238921609,0,TRUE,"2015-03-11 09:38:41",3805370054,1
341,97681561,1239045516,0,TRUE,"2015-03-11 09:38:41",3805370010,1
632,97928981,1239023393,0,TRUE,"2015-03-11 09:38:41",3805370075,1
286,97791640,1238724542,0,TRUE,"2015-03-11 09:38:41",3805369954,1
811,98028541,1239063797,0,TRUE,"2015-03-11 09:38:41",3805370273,1
409,97876006,1238953875,0,TRUE,"2015-03-11 09:38:41",3805370061,1
676,97973412,1239033166,0,TRUE,"2015-03-11 09:38:41",3805370079,1
155,97874754,1238680740,0,TRUE,"2015-03-11 09:38:41",3805369959,1
446,98021288,1238953704,0,TRUE,"2015-03-11 09:38:41",3805370248,1
986,97747379,1238975873,0,TRUE,"2015-03-11 09:38:41",3805370012,1
417,97884014,1238975127,0,TRUE,"2015-03-11 09:38:41",3805370061,1
434,98033321,1238946488,0,TRUE,"2015-03-11 09:38:41",3805370243,1
950,97743762,1239008215,0,TRUE,"2015-03-11 09:38:41",3805370014,1
587,97956524,1238993443,0,TRUE,"2015-03-11 09:38:41",3805370076,1
605,97939467,1238985821,0,TRUE,"2015-03-11 09:38:41",3805370073,1
710,97990952,1239039188,0,TRUE,"2015-03-11 09:38:41",3805370079,1
717,97996550,1239032150,0,TRUE,"2015-03-11 09:38:41",3805370079,1
604,97940183,1238986557,0,TRUE,"2015-03-11 09:38:41",3805370073,1
691,97979832,1239055041,0,TRUE,"2015-03-11 09:38:41",3805370079,1
799,98036895,1239052722,0,TRUE,"2015-03-11 09:38:41",3805370251,1
842,98043221,1239038009,0,TRUE,"2015-03-11 09:38:41",3805370251,1
389,97859217,1238936274,0,TRUE,"2015-03-11 09:38:41",3805370054,1
961,97733737,1238999718,0,TRUE,"2015-03-11 09:38:41",3805370012,1
767,98021127,1239081975,0,TRUE,"2015-03-11 09:38:41",3805370272,1
97,97670969,1239119547,0,TRUE,"2015-03-11 09:38:41",3805370034,1
641,97938410,1239025747,0,TRUE,"2015-03-11 09:38:41",3805370075,1
702,97986343,1239047244,0,TRUE,"2015-03-11 09:38:41",3805370079,1
205,97921584,1238660112,0,TRUE,"2015-03-11 09:38:41",3805369969,1
197,97912804,1238662639,0,TRUE,"2015-03-11 09:38:41",3805369968,1
639,97936252,1239025299,0,TRUE,"2015-03-11 09:38:41",3805370075,1
187,97904186,1238664541,0,TRUE,"2015-03-11 09:38:41",3805369968,1
447,98020385,1238954319,0,TRUE,"2015-03-11 09:38:41",3805370248,1
114,97652480,1239123193,0,TRUE,"2015-03-11 09:38:41",3805370023,1
558,97981906,1239005129,0,TRUE,"2015-03-11 09:38:41",3805370079,1
351,97649020,1239055130,0,TRUE,"2015-03-11 09:38:41",3805369999,1
156,97875625,1238680682,0,TRUE,"2015-03-11 09:38:41",3805369959,1
302,97690070,1239035160,0,TRUE,"2015-03-11 09:38:41",3805370010,1
951,97741708,1239008208,0,TRUE,"2015-03-11 09:38:41",3805370014,1
249,97830798,1238730348,0,TRUE,"2015-03-11 09:38:41",3805369961,1
269,97811488,1238727377,0,TRUE,"2015-03-11 09:38:41",3805369955,1
126,97639768,1239126895,0,TRUE,"2015-03-11 09:38:41",3805370022,1
194,97910949,1238665036,0,TRUE,"2015-03-11 09:38:41",3805369968,1
511,97950173,1238969003,0,TRUE,"2015-03-11 09:38:41",3805370076,1
534,97986859,1239028713,0,TRUE,"2015-03-11 09:38:41",3805370079,1
430,98036822,1238945215,0,TRUE,"2015-03-11 09:38:41",3805370243,1
506,97954488,1238966561,0,TRUE,"2015-03-11 09:38:41",3805370076,1
835,98037940,1239040006,0,TRUE,"2015-03-11 09:38:41",3805370251,1
844,98045785,1239037767,0,TRUE,"2015-03-11 09:38:41",3805370251,1
964,97734201,1238996290,0,TRUE,"2015-03-11 09:38:41",3805370012,1
922,98224220,1239152313,0,TRUE,"2015-03-11 09:38:41",3805370338,1
968,97734404,1238991798,0,TRUE,"2015-03-11 09:38:41",3805370012,1
316,97702462,1239035555,0,TRUE,"2015-03-11 09:38:41",3805370011,1
132,97633530,1239128944,0,TRUE,"2015-03-11 09:38:41",3805370022,1
336,97679947,1239050864,0,TRUE,"2015-03-11 09:38:41",3805370010,1
520,97942306,1238974233,0,TRUE,"2015-03-11 09:38:41",3805370073,1
378,97867225,1238927627,0,TRUE,"2015-03-11 09:38:41",3805370055,1
369,97852801,1238919155,0,TRUE,"2015-03-11 09:38:41",3805370054,1
721,98006660,1239072851,0,TRUE,"2015-03-11 09:38:41",3805370272,1
742,97985374,1239059985,0,TRUE,"2015-03-11 09:38:41",3805370101,1
724,98003903,1239070491,0,TRUE,"2015-03-11 09:38:41",3805370272,1
788,98033351,1239039942,0,TRUE,"2015-03-11 09:38:41",3805370251,1
1008,97772820,1238967778,0,TRUE,"2015-03-11 09:38:41",3805370013,1
67,97703910,1239108950,0,TRUE,"2015-03-11 09:38:41",3805370033,1
457,98008835,1238959812,0,TRUE,"2015-03-11 09:38:41",3805370248,1
826,98013767,1239072041,0,TRUE,"2015-03-11 09:38:41",3805370272,1
849,98051359,1239036685,0,TRUE,"2015-03-11 09:38:41",3805370251,1
764,98018025,1239081687,0,TRUE,"2015-03-11 09:38:41",3805370272,1
464,98000063,1238962023,0,TRUE,"2015-03-11 09:38:41",3805370248,1
352,97650492,1239055276,0,TRUE,"2015-03-11 09:38:41",3805369999,1
1004,97768125,1238968690,0,TRUE,"2015-03-11 09:38:41",3805370013,1
395,97871599,1238938780,0,TRUE,"2015-03-11 09:38:41",3805370055,1
703,97986856,1239045964,0,TRUE,"2015-03-11 09:38:41",3805370079,1
761,98015113,1239081464,0,TRUE,"2015-03-11 09:38:41",3805370272,1
947,97747400,1239008160,0,TRUE,"2015-03-11 09:38:41",3805370014,1
567,97974009,1239001122,0,TRUE,"2015-03-11 09:38:41",3805370077,1
224,97927241,1238678393,0,TRUE,"2015-03-11 09:38:41",3805369971,1
477,97985346,1238961719,0,TRUE,"2015-03-11 09:38:41",3805370077,1
735,97992050,1239063771,0,TRUE,"2015-03-11 09:38:41",3805370101,1
660,97957114,1239028809,0,TRUE,"2015-03-11 09:38:41",3805370078,1
658,97955141,1239027903,0,TRUE,"2015-03-11 09:38:41",3805370078,1
50,97587149,1239013262,0,TRUE,"2015-03-11 09:38:41",3805369994,1
955,97737917,1239005573,0,TRUE,"2015-03-11 09:38:41",3805370014,1
513,97948623,1238970295,0,TRUE,"2015-03-11 09:38:41",3805370076,1
586,97957760,1238993653,0,TRUE,"2015-03-11 09:38:41",3805370076,1
973,97736352,1238986601,0,TRUE,"2015-03-11 09:38:41",3805370012,1
845,98046929,1239037460,0,TRUE,"2015-03-11 09:38:41",3805370251,1
51,97585966,1239013575,0,TRUE,"2015-03-11 09:38:41",3805369994,1
76,97691115,1239111938,0,TRUE,"2015-03-11 09:38:41",3805370034,1
406,97875097,1238950503,0,TRUE,"2015-03-11 09:38:41",3805370061,1
69,97698316,1239108867,0,TRUE,"2015-03-11 09:38:41",3805370033,1
460,98004563,1238960522,0,TRUE,"2015-03-11 09:38:41",3805370248,1
334,97679444,1239053041,0,TRUE,"2015-03-11 09:38:41",3805370010,1
203,97918987,1238659637,0,TRUE,"2015-03-11 09:38:41",3805369969,1
529,97932780,1238978012,0,TRUE,"2015-03-11 09:38:41",3805370073,1
385,97859653,1238921616,0,TRUE,"2015-03-11 09:38:41",3805370054,1
441,98027130,1238950088,0,TRUE,"2015-03-11 09:38:41",3805370249,1
393,97871542,1238936460,0,TRUE,"2015-03-11 09:38:41",3805370055,1
552,97984123,1239010567,0,TRUE,"2015-03-11 09:38:41",3805370079,1
591,97952552,1238993100,0,TRUE,"2015-03-11 09:38:41",3805370076,1
81,97686283,1239113675,0,TRUE,"2015-03-11 09:38:41",3805370034,1
219,97925584,1238673549,0,TRUE,"2015-03-11 09:38:41",3805369971,1
557,97982427,1239005943,0,TRUE,"2015-03-11 09:38:41",3805370079,1
273,97807260,1238725730,0,TRUE,"2015-03-11 09:38:41",3805369954,1
778,98031022,1239088633,0,TRUE,"2015-03-11 09:38:41",3805370273,1
521,97940984,1238974723,0,TRUE,"2015-03-11 09:38:41",3805370073,1
870,97998247,1239031795,0,TRUE,"2015-03-11 09:38:41",3805370079,1
79,97688419,1239112946,0,TRUE,"2015-03-11 09:38:41",3805370034,1
42,97596970,1239008687,0,TRUE,"2015-03-11 09:38:41",3805369995,1
450,98017094,1238956759,0,TRUE,"2015-03-11 09:38:41",3805370248,1
502,97958269,1238965354,0,TRUE,"2015-03-11 09:38:41",3805370076,1
715,97993770,1239034062,0,TRUE,"2015-03-11 09:38:41",3805370079,1
90,97678161,1239118238,0,TRUE,"2015-03-11 09:38:41",3805370034,1
481,97981285,1238961849,0,TRUE,"2015-03-11 09:38:41",3805370077,1
134,97631320,1239130002,0,TRUE,"2015-03-11 09:38:41",3805370022,1
59,97577430,1239012173,0,TRUE,"2015-03-11 09:38:41",3805369994,1
192,97909091,1238664701,0,TRUE,"2015-03-11 09:38:41",3805369968,1
338,97680367,1239048791,0,TRUE,"2015-03-11 09:38:41",3805370010,1
621,97916833,1239021631,0,TRUE,"2015-03-11 09:38:41",3805370074,1
271,97809476,1238725843,0,TRUE,"2015-03-11 09:38:41",3805369955,1
734,97993165,1239064342,0,TRUE,"2015-03-11 09:38:41",3805370101,1
116,97649917,1239123919,0,TRUE,"2015-03-11 09:38:41",3805370023,1
350,97647100,1239054150,0,TRUE,"2015-03-11 09:38:41",3805369999,1
794,98035321,1239046765,0,TRUE,"2015-03-11 09:38:41",3805370251,1
607,97938906,1238983782,0,TRUE,"2015-03-11 09:38:41",3805370073,1
235,97842960,1238738020,0,TRUE,"2015-03-11 09:38:41",3805369964,1
394,97871509,1238937579,0,TRUE,"2015-03-11 09:38:41",3805370055,1
248,97832104,1238730524,0,TRUE,"2015-03-11 09:38:41",3805369961,1
387,97853909,1238938538,0,TRUE,"2015-03-11 09:38:41",3805370054,1
84,97683063,1239114825,0,TRUE,"2015-03-11 09:38:41",3805370034,1
862,98061505,1239036910,0,TRUE,"2015-03-11 09:38:41",3805370254,1
932,98236143,1239153990,0,TRUE,"2015-03-11 09:38:41",3805370338,1
501,97959233,1238965345,0,TRUE,"2015-03-11 09:38:41",3805370076,1
207,97923298,1238661157,0,TRUE,"2015-03-11 09:38:41",3805369969,1
74,97693112,1239110911,0,TRUE,"2015-03-11 09:38:41",3805370032,1
418,97884350,1238973901,0,TRUE,"2015-03-11 09:38:41",3805370061,1
6,97689486,1239318667,0,TRUE,"2015-03-11 09:38:41",3805371408,1
509,97951775,1238967877,0,TRUE,"2015-03-11 09:38:41",3805370076,1
463,98001315,1238961503,0,TRUE,"2015-03-11 09:38:41",3805370248,1
246,97834192,1238731416,0,TRUE,"2015-03-11 09:38:41",3805369961,1
488,97972665,1238962160,0,TRUE,"2015-03-11 09:38:41",3805370077,1
159,97878814,1238679850,0,TRUE,"2015-03-11 09:38:41",3805369959,1
267,97813554,1238728774,0,TRUE,"2015-03-11 09:38:41",3805369961,1
354,97652814,1239054841,0,TRUE,"2015-03-11 09:38:41",3805369999,1
41,97598854,1239007202,0,TRUE,"2015-03-11 09:38:41",3805369995,1
516,97946266,1238972206,0,TRUE,"2015-03-11 09:38:41",3805370076,1
713,97992378,1239036103,0,TRUE,"2015-03-11 09:38:41",3805370079,1
830,98009874,1239073442,0,TRUE,"2015-03-11 09:38:41",3805370272,1
141,97623248,1239134253,0,TRUE,"2015-03-11 09:38:41",3805370022,1
580,97964562,1238991984,0,TRUE,"2015-03-11 09:38:41",3805370076,1
698,97982921,1239050408,0,TRUE,"2015-03-11 09:38:41",3805370079,1
720,98007592,1239073657,0,TRUE,"2015-03-11 09:38:41",3805370272,1
769,98023339,1239082989,0,TRUE,"2015-03-11 09:38:41",3805370272,1
840,98041561,1239037384,0,TRUE,"2015-03-11 09:38:41",3805370251,1
999,97761639,1238969457,0,TRUE,"2015-03-11 09:38:41",3805370013,1
564,97977378,1239001924,0,TRUE,"2015-03-11 09:38:41",3805370077,1
539,97986167,1239023764,0,TRUE,"2015-03-11 09:38:41",3805370079,1
904,98200953,1239152310,0,TRUE,"2015-03-11 09:38:41",3805370295,1
402,97873004,1238946804,0,TRUE,"2015-03-11 09:38:41",3805370055,1
467,97996810,1238963439,0,TRUE,"2015-03-11 09:38:41",3805370077,1
171,97889840,1238672793,0,TRUE,"2015-03-11 09:38:41",3805369970,1
648,97945558,1239026476,0,TRUE,"2015-03-11 09:38:41",3805370078,1
247,97833176,1238730960,0,TRUE,"2015-03-11 09:38:41",3805369961,1
380,97865349,1238925951,0,TRUE,"2015-03-11 09:38:41",3805370055,1
992,97754225,1238973209,0,TRUE,"2015-03-11 09:38:41",3805370013,1
311,97698307,1239032338,0,TRUE,"2015-03-11 09:38:41",3805370011,1
347,97682678,1239038119,0,TRUE,"2015-03-11 09:38:41",3805370010,1
410,97875917,1238955024,0,TRUE,"2015-03-11 09:38:41",3805370061,1
517,97945433,1238972679,0,TRUE,"2015-03-11 09:38:41",3805370076,1
138,97626346,1239132626,0,TRUE,"2015-03-11 09:38:41",3805370022,1
242,97837797,1238733480,0,TRUE,"2015-03-11 09:38:41",3805369964,1
766,98020137,1239081831,0,TRUE,"2015-03-11 09:38:41",3805370272,1
858,98060082,1239041177,0,TRUE,"2015-03-11 09:38:41",3805370254,1
190,97907174,1238663749,0,TRUE,"2015-03-11 09:38:41",3805369968,1
16,97693864,1239309399,0,TRUE,"2015-03-11 09:38:41",3805371408,1
680,97977912,1239032926,0,TRUE,"2015-03-11 09:38:41",3805370079,1
54,97582808,1239013836,0,TRUE,"2015-03-11 09:38:41",3805369994,1
342,97681748,1239044171,0,TRUE,"2015-03-11 09:38:41",3805370010,1
574,97969948,1238995135,0,TRUE,"2015-03-11 09:38:41",3805370076,1
993,97755230,1238973126,0,TRUE,"2015-03-11 09:38:41",3805370013,1
854,98056690,1239039075,0,TRUE,"2015-03-11 09:38:41",3805370254,1
663,97960254,1239029949,0,TRUE,"2015-03-11 09:38:41",3805370078,1
103,97664020,1239120703,0,TRUE,"2015-03-11 09:38:41",3805370023,1
115,97651226,1239123478,0,TRUE,"2015-03-11 09:38:41",3805370023,1
525,97936980,1238976569,0,TRUE,"2015-03-11 09:38:41",3805370073,1
148,97868403,1238678066,0,TRUE,"2015-03-11 09:38:41",3805369959,1
236,97842102,1238737438,0,TRUE,"2015-03-11 09:38:41",3805369964,1
888,98018649,1239030594,0,TRUE,"2015-03-11 09:38:41",3805370250,1
208,97923251,1238662301,0,TRUE,"2015-03-11 09:38:41",3805369969,1
323,97687354,1239035862,0,TRUE,"2015-03-11 09:38:41",3805370010,1
678,97975753,1239033311,0,TRUE,"2015-03-11 09:38:41",3805370079,1
322,97686250,1239035979,0,TRUE,"2015-03-11 09:38:41",3805370010,1
810,98029203,1239062932,0,TRUE,"2015-03-11 09:38:41",3805370273,1
294,97783137,1238725503,0,TRUE,"2015-03-11 09:38:41",3805369954,1
368,97854075,1238919768,0,TRUE,"2015-03-11 09:38:41",3805370054,1
857,98059162,1239041450,0,TRUE,"2015-03-11 09:38:41",3805370254,1
36,97908290,1239400275,0,TRUE,"2015-03-11 09:38:41",3805371480,1
174,97893095,1238672264,0,TRUE,"2015-03-11 09:38:41",3805369968,1
451,98016233,1238957364,0,TRUE,"2015-03-11 09:38:41",3805370248,1
4,97688830,1239321202,0,TRUE,"2015-03-11 09:38:41",3805371408,1
407,97875674,1238951635,0,TRUE,"2015-03-11 09:38:41",3805370061,1
200,97915434,1238660789,0,TRUE,"2015-03-11 09:38:41",3805369968,1
257,97822904,1238733136,0,TRUE,"2015-03-11 09:38:41",3805369961,1
53,97583904,1239014208,0,TRUE,"2015-03-11 09:38:41",3805369994,1
222,97927450,1238676465,0,TRUE,"2015-03-11 09:38:41",3805369971,1
275,97804753,1238725837,0,TRUE,"2015-03-11 09:38:41",3805369954,1
613,97933787,1238979554,0,TRUE,"2015-03-11 09:38:41",3805370073,1
948,97746356,1239008450,0,TRUE,"2015-03-11 09:38:41",3805370014,1
92,97676517,1239119134,0,TRUE,"2015-03-11 09:38:41",3805370034,1
23,97694408,1239301497,0,TRUE,"2015-03-11 09:38:41",3805371408,1
528,97933805,1238977691,0,TRUE,"2015-03-11 09:38:41",3805370073,1
44,97594394,1239011151,0,TRUE,"2015-03-11 09:38:41",3805369995,1
583,97960874,1238992979,0,TRUE,"2015-03-11 09:38:41",3805370076,1
650,97947600,1239026118,0,TRUE,"2015-03-11 09:38:41",3805370078,1
990,97751860,1238973398,0,TRUE,"2015-03-11 09:38:41",3805370012,1
936,98279349,1239018874,0,TRUE,"2015-03-11 09:38:41",3805370318,1
568,97973155,1239000187,0,TRUE,"2015-03-11 09:38:41",3805370077,1
726,98002176,1239069071,0,TRUE,"2015-03-11 09:38:41",3805370272,1
814,98026438,1239066245,0,TRUE,"2015-03-11 09:38:41",3805370272,1
960,97734264,1239000804,0,TRUE,"2015-03-11 09:38:41",3805370012,1
998,97760573,1238969928,0,TRUE,"2015-03-11 09:38:41",3805370013,1
544,97982299,1239019260,0,TRUE,"2015-03-11 09:38:41",3805370079,1
754,98009114,1239078138,0,TRUE,"2015-03-11 09:38:41",3805370272,1
677,97974394,1239033296,0,TRUE,"2015-03-11 09:38:41",3805370079,1
791,98034654,1239044045,0,TRUE,"2015-03-11 09:38:41",3805370251,1
58,97578444,1239012592,0,TRUE,"2015-03-11 09:38:41",3805369994,1
929,98232850,1239152722,0,TRUE,"2015-03-11 09:38:41",3805370338,1
666,97963392,1239030735,0,TRUE,"2015-03-11 09:38:41",3805370078,1
290,97787200,1238724894,0,TRUE,"2015-03-11 09:38:41",3805369954,1
890,98020833,1239030114,0,TRUE,"2015-03-11 09:38:41",3805370250,1
793,98035192,1239045799,0,TRUE,"2015-03-11 09:38:41",3805370251,1
619,97914703,1239021551,0,TRUE,"2015-03-11 09:38:41",3805370074,1
682,97980237,1239032626,0,TRUE,"2015-03-11 09:38:41",3805370079,1
111,97655533,1239122356,0,TRUE,"2015-03-11 09:38:41",3805370023,1
206,97922520,1238660456,0,TRUE,"2015-03-11 09:38:41",3805369969,1
562,97979753,1239001637,0,TRUE,"2015-03-11 09:38:41",3805370077,1
608,97938343,1238982834,0,TRUE,"2015-03-11 09:38:41",3805370073,1
237,97841489,1238736767,0,TRUE,"2015-03-11 09:38:41",3805369964,1
364,97858777,1238920951,0,TRUE,"2015-03-11 09:38:41",3805370054,1
372,97870182,1238932891,0,TRUE,"2015-03-11 09:38:41",3805370055,1
86,97681239,1239115863,0,TRUE,"2015-03-11 09:38:41",3805370034,1
768,98022298,1239082443,0,TRUE,"2015-03-11 09:38:41",3805370272,1
49,97588536,1239013186,0,TRUE,"2015-03-11 09:38:41",3805369995,1
572,97971126,1238996637,0,TRUE,"2015-03-11 09:38:41",3805370076,1
860,98061187,1239039046,0,TRUE,"2015-03-11 09:38:41",3805370254,1
22,97694422,1239302818,0,TRUE,"2015-03-11 09:38:41",3805371408,1
978,97739312,1238982405,0,TRUE,"2015-03-11 09:38:41",3805370012,1
360,97660924,1239054649,0,TRUE,"2015-03-11 09:38:41",3805369999,1
912,98209639,1239152263,0,TRUE,"2015-03-11 09:38:41",3805370295,1
70,97697227,1239109271,0,TRUE,"2015-03-11 09:38:41",3805370032,1
45,97593482,1239012091,0,TRUE,"2015-03-11 09:38:41",3805369995,1
743,97984102,1239060121,0,TRUE,"2015-03-11 09:38:41",3805370101,1
225,97926461,1238678998,0,TRUE,"2015-03-11 09:38:41",3805369971,1
760,98014090,1239081164,0,TRUE,"2015-03-11 09:38:41",3805370272,1
780,98030668,1239090662,0,TRUE,"2015-03-11 09:38:41",3805370273,1
199,97914324,1238661045,0,TRUE,"2015-03-11 09:38:41",3805369968,1
906,98202860,1239152285,0,TRUE,"2015-03-11 09:38:41",3805370295,1
829,98011021,1239073028,0,TRUE,"2015-03-11 09:38:41",3805370272,1
945,98047161,1238775172,0,TRUE,"2015-03-11 09:38:41",3805370153,1
495,97965340,1238964732,0,TRUE,"2015-03-11 09:38:41",3805370076,1
611,97935591,1238980746,0,TRUE,"2015-03-11 09:38:41",3805370073,1
981,97742856,1238980142,0,TRUE,"2015-03-11 09:38:41",3805370012,1
60,97576328,1239012057,0,TRUE,"2015-03-11 09:38:41",3805369994,1
671,97968438,1239032084,0,TRUE,"2015-03-11 09:38:41",3805370078,1
618,97913735,1239021576,0,TRUE,"2015-03-11 09:38:41",3805370074,1
895,98025273,1239034319,0,TRUE,"2015-03-11 09:38:41",3805370250,1
975,97736856,1238984474,0,TRUE,"2015-03-11 09:38:41",3805370012,1
894,98024470,1239033363,0,TRUE,"2015-03-11 09:38:41",3805370250,1
422,97886037,1238970179,0,TRUE,"2015-03-11 09:38:41",3805370061,1
105,97661761,1239121312,0,TRUE,"2015-03-11 09:38:41",3805370023,1
327,97682538,1239034941,0,TRUE,"2015-03-11 09:38:41",3805370010,1
668,97965244,1239031337,0,TRUE,"2015-03-11 09:38:41",3805370078,1
909,98206207,1239152357,0,TRUE,"2015-03-11 09:38:41",3805370295,1
790,98034192,1239042871,0,TRUE,"2015-03-11 09:38:41",3805370251,1
75,97692305,1239111320,0,TRUE,"2015-03-11 09:38:41",3805370032,1
469,97994173,1238964256,0,TRUE,"2015-03-11 09:38:41",3805370077,1
124,97641866,1239126052,0,TRUE,"2015-03-11 09:38:41",3805370022,1
905,98201834,1239152297,0,TRUE,"2015-03-11 09:38:41",3805370295,1
561,97980617,1239002588,0,TRUE,"2015-03-11 09:38:41",3805370079,1
229,97862563,1238670591,0,TRUE,"2015-03-11 09:38:41",3805369957,1
510,97950967,1238968413,0,TRUE,"2015-03-11 09:38:41",3805370076,1
245,97835103,1238731763,0,TRUE,"2015-03-11 09:38:41",3805369964,1
415,97883530,1238977320,0,TRUE,"2015-03-11 09:38:41",3805370061,1
43,97596042,1239009509,0,TRUE,"2015-03-11 09:38:41",3805369995,1
747,97979787,1239058989,0,TRUE,"2015-03-11 09:38:41",3805370101,1
982,97743455,1238978781,0,TRUE,"2015-03-11 09:38:41",3805370012,1
771,98025339,1239083472,0,TRUE,"2015-03-11 09:38:41",3805370272,1
220,97925579,1238674711,0,TRUE,"2015-03-11 09:38:41",3805369971,1
482,97980239,1238962068,0,TRUE,"2015-03-11 09:38:41",3805370077,1
259,97820541,1238732613,0,TRUE,"2015-03-11 09:38:41",3805369961,1
166,97883700,1238674362,0,TRUE,"2015-03-11 09:38:41",3805369959,1
573,97970542,1238995860,0,TRUE,"2015-03-11 09:38:41",3805370076,1
924,98226871,1239152256,0,TRUE,"2015-03-11 09:38:41",3805370338,1
731,97997147,1239066247,0,TRUE,"2015-03-11 09:38:41",3805370101,1
864,98062148,1239034889,0,TRUE,"2015-03-11 09:38:41",3805370254,1
920,98220852,1239152501,0,TRUE,"2015-03-11 09:38:41",3805370338,1
522,97939806,1238975266,0,TRUE,"2015-03-11 09:38:41",3805370073,1
291,97786193,1238725061,0,TRUE,"2015-03-11 09:38:41",3805369954,1
423,97886264,1238969040,0,TRUE,"2015-03-11 09:38:41",3805370061,1
3,97688969,1239323053,0,TRUE,"2015-03-11 09:38:41",3805371408,1
431,98035936,1238945556,0,TRUE,"2015-03-11 09:38:41",3805370243,1
645,97942436,1239026345,0,TRUE,"2015-03-11 09:38:41",3805370075,1
746,97980564,1239059693,0,TRUE,"2015-03-11 09:38:41",3805370101,1
201,97916651,1238660118,0,TRUE,"2015-03-11 09:38:41",3805369968,1
597,97947198,1238989097,0,TRUE,"2015-03-11 09:38:41",3805370076,1
61,97575125,1239011712,0,TRUE,"2015-03-11 09:38:41",3805369994,1
176,97894130,1238670318,0,TRUE,"2015-03-11 09:38:41",3805369968,1
797,98036473,1239050352,0,TRUE,"2015-03-11 09:38:41",3805370251,1
901,98030842,1239039092,0,TRUE,"2015-03-11 09:38:41",3805370251,1
87,97680421,1239116406,0,TRUE,"2015-03-11 09:38:41",3805370034,1
169,97887334,1238673249,0,TRUE,"2015-03-11 09:38:41",3805369959,1
388,97857224,1238937152,0,TRUE,"2015-03-11 09:38:41",3805370054,1
14,97693610,1239311810,0,TRUE,"2015-03-11 09:38:41",3805371408,1
884,98014464,1239029964,0,TRUE,"2015-03-11 09:38:41",3805370250,1
344,97682024,1239041352,0,TRUE,"2015-03-11 09:38:41",3805370010,1
598,97945984,1238989483,0,TRUE,"2015-03-11 09:38:41",3805370076,1
476,97986359,1238961956,0,TRUE,"2015-03-11 09:38:41",3805370077,1
824,98015670,1239071582,0,TRUE,"2015-03-11 09:38:41",3805370272,1
776,98030134,1239086692,0,TRUE,"2015-03-11 09:38:41",3805370273,1
472,97990587,1238963425,0,TRUE,"2015-03-11 09:38:41",3805370077,1
649,97946576,1239026388,0,TRUE,"2015-03-11 09:38:41",3805370078,1
147,97867267,1238677463,0,TRUE,"2015-03-11 09:38:41",3805369959,1
902,98032114,1239039490,0,TRUE,"2015-03-11 09:38:41",3805370251,1
873,98001794,1239030552,0,TRUE,"2015-03-11 09:38:41",3805370250,1
121,97644782,1239125091,0,TRUE,"2015-03-11 09:38:41",3805370023,1
634,97931148,1239024086,0,TRUE,"2015-03-11 09:38:41",3805370075,1
859,98060926,1239040086,0,TRUE,"2015-03-11 09:38:41",3805370254,1
659,97956108,1239028332,0,TRUE,"2015-03-11 09:38:41",3805370078,1
210,97923555,1238664550,0,TRUE,"2015-03-11 09:38:41",3805369969,1
911,98208497,1239152246,0,TRUE,"2015-03-11 09:38:41",3805370295,1
944,98046162,1238773732,0,TRUE,"2015-03-11 09:38:41",3805370153,1
716,97994938,1239033219,0,TRUE,"2015-03-11 09:38:41",3805370079,1
916,98214758,1239152585,0,TRUE,"2015-03-11 09:38:41",3805370295,1
161,97880287,1238678088,0,TRUE,"2015-03-11 09:38:41",3805369959,1
157,97876776,1238680660,0,TRUE,"2015-03-11 09:38:41",3805369959,1
154,97873777,1238680673,0,TRUE,"2015-03-11 09:38:41",3805369959,1
584,97959843,1238993493,0,TRUE,"2015-03-11 09:38:41",3805370076,1
35,97907314,1239400458,0,TRUE,"2015-03-11 09:38:41",3805371480,1
602,97941710,1238988272,0,TRUE,"2015-03-11 09:38:41",3805370073,1
657,97954231,1239027476,0,TRUE,"2015-03-11 09:38:41",3805370078,1
503,97956980,1238965636,0,TRUE,"2015-03-11 09:38:41",3805370076,1
173,97891946,1238672251,0,TRUE,"2015-03-11 09:38:41",3805369968,1
963,97733880,1238997359,0,TRUE,"2015-03-11 09:38:41",3805370012,1
878,98007511,1239028369,0,TRUE,"2015-03-11 09:38:41",3805370250,1
188,97904947,1238663962,0,TRUE,"2015-03-11 09:38:41",3805369968,1
375,97869107,1238930595,0,TRUE,"2015-03-11 09:38:41",3805370055,1
792,98034909,1239044888,0,TRUE,"2015-03-11 09:38:41",3805370251,1
592,97951645,1238992032,0,TRUE,"2015-03-11 09:38:41",3805370076,1
784,98032062,1239094257,0,TRUE,"2015-03-11 09:38:41",3805370273,1
867,98062993,1239031615,0,TRUE,"2015-03-11 09:38:41",3805370254,1
753,98008730,1239076947,0,TRUE,"2015-03-11 09:38:41",3805370272,1
448,98019394,1238955046,0,TRUE,"2015-03-11 09:38:41",3805370248,1
491,97969264,1238963085,0,TRUE,"2015-03-11 09:38:41",3805370076,1
907,98204180,1239152305,0,TRUE,"2015-03-11 09:38:41",3805370295,1
933,98236630,1239154130,0,TRUE,"2015-03-11 09:38:41",3805370338,1
306,97694476,1239036247,0,TRUE,"2015-03-11 09:38:41",3805370010,1
757,98011056,1239080224,0,TRUE,"2015-03-11 09:38:41",3805370272,1
527,97934864,1238977400,0,TRUE,"2015-03-11 09:38:41",3805370073,1
773,98027523,1239084212,0,TRUE,"2015-03-11 09:38:41",3805370273,1
783,98031493,1239093528,0,TRUE,"2015-03-11 09:38:41",3805370273,1
345,97682192,1239040402,0,TRUE,"2015-03-11 09:38:41",3805370010,1
989,97750652,1238974104,0,TRUE,"2015-03-11 09:38:41",3805370012,1
436,98031437,1238947131,0,TRUE,"2015-03-11 09:38:41",3805370249,1
972,97735552,1238987519,0,TRUE,"2015-03-11 09:38:41",3805370012,1
150,97870080,1238678994,0,TRUE,"2015-03-11 09:38:41",3805369959,1
308,97696715,1239035582,0,TRUE,"2015-03-11 09:38:41",3805370010,1
943,98045586,1238772087,0,TRUE,"2015-03-11 09:38:41",3805370153,1
420,97885150,1238972243,0,TRUE,"2015-03-11 09:38:41",3805370061,1
490,97970382,1238962690,0,TRUE,"2015-03-11 09:38:41",3805370076,1
808,98030579,1239061225,0,TRUE,"2015-03-11 09:38:41",3805370273,1
926,98228693,1239152221,0,TRUE,"2015-03-11 09:38:41",3805370338,1
331,97678440,1239056450,0,TRUE,"2015-03-11 09:38:41",3805370010,1
798,98037033,1239051361,0,TRUE,"2015-03-11 09:38:41",3805370251,1
874,98002947,1239030027,0,TRUE,"2015-03-11 09:38:41",3805370250,1
63,97573042,1239010807,0,TRUE,"2015-03-11 09:38:41",3805369994,1
9,97691383,1239315963,0,TRUE,"2015-03-11 09:38:41",3805371408,1
183,97900327,1238666739,0,TRUE,"2015-03-11 09:38:41",3805369968,1
711,97991607,1239038451,0,TRUE,"2015-03-11 09:38:41",3805370079,1
917,98216267,1239152582,0,TRUE,"2015-03-11 09:38:41",3805370295,1
260,97819629,1238732398,0,TRUE,"2015-03-11 09:38:41",3805369961,1
411,97876225,1238956315,0,TRUE,"2015-03-11 09:38:41",3805370061,1
445,98022263,1238953042,0,TRUE,"2015-03-11 09:38:41",3805370248,1
832,98034131,1239040103,0,TRUE,"2015-03-11 09:38:41",3805370251,1
908,98205197,1239152335,0,TRUE,"2015-03-11 09:38:41",3805370295,1
749,97978747,1239056999,0,TRUE,"2015-03-11 09:38:41",3805370101,1
88,97679688,1239117005,0,TRUE,"2015-03-11 09:38:41",3805370034,1
118,97647751,1239124492,0,TRUE,"2015-03-11 09:38:41",3805370023,1
130,97635243,1239128241,0,TRUE,"2015-03-11 09:38:41",3805370022,1
272,97808382,1238725718,0,TRUE,"2015-03-11 09:38:41",3805369955,1
223,97927748,1238677548,0,TRUE,"2015-03-11 09:38:41",3805369971,1
240,97839315,1238734525,0,TRUE,"2015-03-11 09:38:41",3805369964,1
283,97794918,1238725282,0,TRUE,"2015-03-11 09:38:41",3805369954,1
772,98026300,1239083792,0,TRUE,"2015-03-11 09:38:41",3805370272,1
217,97926111,1238671611,0,TRUE,"2015-03-11 09:38:41",3805369969,1
231,97864201,1238671920,0,TRUE,"2015-03-11 09:38:41",3805369957,1
548,97983164,1239014792,0,TRUE,"2015-03-11 09:38:41",3805370079,1
538,97986764,1239024590,0,TRUE,"2015-03-11 09:38:41",3805370079,1
212,97924671,1238666670,0,TRUE,"2015-03-11 09:38:41",3805369969,1
383,97862211,1238923602,0,TRUE,"2015-03-11 09:38:41",3805370055,1
328,97681573,1239034423,0,TRUE,"2015-03-11 09:38:41",3805370010,1
612,97934655,1238979994,0,TRUE,"2015-03-11 09:38:41",3805370073,1
925,98227777,1239152229,0,TRUE,"2015-03-11 09:38:41",3805370338,1
962,97733632,1238998621,0,TRUE,"2015-03-11 09:38:41",3805370012,1
263,97816960,1238730639,0,TRUE,"2015-03-11 09:38:41",3805369961,1
740,97987348,1239060281,0,TRUE,"2015-03-11 09:38:41",3805370101,1
953,97739854,1239007098,0,TRUE,"2015-03-11 09:38:41",3805370014,1
615,97932019,1238978482,0,TRUE,"2015-03-11 09:38:41",3805370073,1
144,97864230,1238676510,0,TRUE,"2015-03-11 09:38:41",3805369959,1
7,97690067,1239317693,0,TRUE,"2015-03-11 09:38:41",3805371408,1
453,98013976,1238958796,0,TRUE,"2015-03-11 09:38:41",3805370248,1
